{"1": [2.823906183242798, 2.7628777027130127, 2.7839179039001465, 2.784076452255249, 2.790693998336792], "2": [3.107853412628174, 2.846200466156006, 2.835919141769409, 3.2360005378723145, 2.8303349018096924], "4": [4.23433780670166, 3.079129934310913, 2.9066317081451416, 2.9124526977539062, 2.9080045223236084], "8": [5.431232929229736, 5.5162036418914795, 5.67140531539917, 5.405561447143555, 5.400169610977173], "16": [10.751328229904175, 10.729074954986572, 10.792630434036255, 10.922683715820312, 10.808727741241455], "32": [21.475162029266357, 21.489219903945923, 21.566940784454346, 21.558746337890625, 21.723161220550537], "64": [43.402408838272095, 43.53219294548035, 43.48309588432312, 43.520495653152466, 43.47779846191406], "128": [87.49544787406921, 86.9441385269165, 87.03857493400574, 87.3495876789093, 87.0894627571106], "256": [175.48189687728882, 174.0582399368286, 174.15064191818237, 174.41692471504211, 174.20541071891785]}