{"1": [0.5300130844116211, 0.45711350440979004, 0.4686918258666992, 0.4618504047393799, 0.45298099517822266], "2": [0.5064928531646729, 0.46635007858276367, 0.4990406036376953, 0.485856294631958, 0.4735550880432129], "4": [0.5839381217956543, 0.7493226528167725, 0.569291353225708, 0.5944397449493408, 0.5859606266021729], "8": [0.9374170303344727, 0.9598889350891113, 0.9209249019622803, 0.9474234580993652, 0.9340033531188965], "16": [1.8568201065063477, 1.8114039897918701, 1.7926206588745117, 1.7998390197753906, 1.8078978061676025], "32": [4.297769069671631, 3.5870301723480225, 3.60274338722229, 3.6338794231414795, 3.6093099117279053], "64": [7.710989952087402, 7.228037118911743, 7.228170156478882, 7.214566946029663, 7.230383396148682], "128": [14.475540399551392, 14.41055965423584, 14.435391902923584, 14.612045764923096, 14.40527892112732], "256": [29.02002215385437, 28.944565057754517, 28.993571043014526, 29.00178551673889, 29.085856199264526]}